{
  "name": "Firebase ESP8266 Client",
  "version": "3.5.6",
  "keywords": "communication, REST, esp8266, arduino",
  "description": "This client library provides the complete, fast, secured and reliable operations to read, store, update, delete, monitor the value changes, backup, restore, read and modify the security rules of the Firebase Realtime database.",
  "repository": {
    "type": "git",
    "url": "https://github.com/mobizt/Firebase-ESP8266.git"
  },
  "authors": [{
    "name": "Mobizt",
    "email": "k_suwatchai@hotmail.com"
  }],
  "frameworks": "arduino",
  "platforms": "espressif8266"
}
